Workbook

Sheet Signal Map
A1: Instruction encoding | G1: CONTROL : control_unit outputs | S1: IMM : immgen | T1: ALU_CTRL : aluctrlr output (formulas) | Z1: Resulting datapath behavior | AE1: Notes
A2: Instruction | B2: Format | C2: Opcode [6:0] | D2: funct3 [14:12] | E2: funct7 [31:25] | F2: Inst[30] seen by ALU_CTRL | G2: ALUOp | H2: ALUSrcA | I2: ALUSrc | J2: RegWrite | K2: MemRead | L2: MemWrite | M2: MemtoReg | N2: AndLink | O2: Branch | P2: Jump | Q2: JumpReg | R2: Halt | S2: Immediate format | T2: ALUCtrl(3) | U2: ALUCtrl(2) | V2: ALUCtrl(1) | W2: ALUCtrl(0) | X2: ALUCtrl | Y2: ALU operation | Z2: ALU input A (ALUSRCA_MUX) | AA2: ALU input B (ALUSRC_MUX) | AB2: Next PC (FETCH) | AC2: Written to rd (LINK_MUX) | AD2: Memory / branch detail | AE2: Notes
A3: add | B3: R | C3: 0110011 | D3: 000 | E3: 0000000 | F3: 0 | G3: 10 | H3: 00 | I3: 0 | J3: 1 | K3: 0 | L3: 0 | M3: 0 | N3: 0 | O3: 0 | P3: 0 | Q3: 0 | R3: 0 | S3: none (0) | T3: =IF(AND(MID($G3,1,1)="1",OR(MID($D3,1,1)="1",AND(NOT(MID($D3,2,1)="1"),MID($D3,3,1)="1"))),1,0) -> 0 | U3: =IF(AND(MID($G3,1,1)="1",OR(AND(NOT(MID($D3,1,1)="1"),MID($D3,2,1)="1"),AND(NOT(MID($D3,2,1)="1"),MID($D3,3,1)="1"))),1,0) -> 0 | V3: =IF(OR(AND(NOT(MID($D3,1,1)="1"),MID($D3,2,1)="1",MID($D3,3,1)="1"),AND(MID($D3,1,1)="1",NOT(MID($D3,2,1)="1"),NOT(MID($D3,3,1)="1")),AND(MID($D3,1,1)="1",NOT(MID($D3,2,1)="1"),MID($D3,3,1)="1",$F3="1")),1,0) -> 0 | W3: =IF(AND(MID($G3,1,1)="1",OR(AND(NOT(MID($D3,1,1)="1"),MID($D3,2,1)="1"),AND(MID($D3,2,1)="1",NOT(MID($D3,3,1)="1")),AND(NOT(MID($D3,1,1)="1"),NOT(MID($D3,2,1)="1"),NOT(MID($D3,3,1)="1"),$F3="1",NOT(MID($G3,2,1)="1")),AND(MID($D3,1,1)="1",NOT(MID($D3,2,1)="1"),MID($D3,3,1)="1"))),1,0) -> 0 | X3: =T3&U3&V3&W3 -> 0000 | Y3: =IFERROR(INDEX(ALUCtrl_Key!$B$5:$B$20,MATCH(X3,ALUCtrl_Key!$A$5:$A$20,0)),"?") -> add | Z3: =IF(H3="00","rs1 (s_read1)",IF(H3="01","PC (s_pc_out)","0")) -> rs1 (s_read1) | AA3: =IF(I3="1","immediate (s_immgen)","rs2 (s_read2)") -> rs2 (s_read2) | AB3: =IF(R3="1","PC (held)",IF(Q3="1","(rs1 + imm) with bit 0 cleared",IF(P3="1","PC + imm",IF(O3="1","PC + imm if taken, else PC + 4","PC + 4")))) -> PC + 4 | AC3: =IF(J3="0","nothing",IF(N3="1","PC + 4",IF(M3="1","load data (LOAD_U)","ALU result"))) -> ALU result
A4: sub | B4: R | C4: 0110011 | D4: 000 | E4: 0100000 | F4: 1 | G4: 10 | H4: 00 | I4: 0 | J4: 1 | K4: 0 | L4: 0 | M4: 0 | N4: 0 | O4: 0 | P4: 0 | Q4: 0 | R4: 0 | S4: none (0) | T4: =IF(AND(MID($G4,1,1)="1",OR(MID($D4,1,1)="1",AND(NOT(MID($D4,2,1)="1"),MID($D4,3,1)="1"))),1,0) -> 0 | U4: =IF(AND(MID($G4,1,1)="1",OR(AND(NOT(MID($D4,1,1)="1"),MID($D4,2,1)="1"),AND(NOT(MID($D4,2,1)="1"),MID($D4,3,1)="1"))),1,0) -> 0 | V4: =IF(OR(AND(NOT(MID($D4,1,1)="1"),MID($D4,2,1)="1",MID($D4,3,1)="1"),AND(MID($D4,1,1)="1",NOT(MID($D4,2,1)="1"),NOT(MID($D4,3,1)="1")),AND(MID($D4,1,1)="1",NOT(MID($D4,2,1)="1"),MID($D4,3,1)="1",$F4="1")),1,0) -> 0 | W4: =IF(AND(MID($G4,1,1)="1",OR(AND(NOT(MID($D4,1,1)="1"),MID($D4,2,1)="1"),AND(MID($D4,2,1)="1",NOT(MID($D4,3,1)="1")),AND(NOT(MID($D4,1,1)="1"),NOT(MID($D4,2,1)="1"),NOT(MID($D4,3,1)="1"),$F4="1",NOT(MID($G4,2,1)="1")),AND(MID($D4,1,1)="1",NOT(MID($D4,2,1)="1"),MID($D4,3,1)="1"))),1,0) -> 1 | X4: =T4&U4&V4&W4 -> 0001 | Y4: =IFERROR(INDEX(ALUCtrl_Key!$B$5:$B$20,MATCH(X4,ALUCtrl_Key!$A$5:$A$20,0)),"?") -> sub | Z4: =IF(H4="00","rs1 (s_read1)",IF(H4="01","PC (s_pc_out)","0")) -> rs1 (s_read1) | AA4: =IF(I4="1","immediate (s_immgen)","rs2 (s_read2)") -> rs2 (s_read2) | AB4: =IF(R4="1","PC (held)",IF(Q4="1","(rs1 + imm) with bit 0 cleared",IF(P4="1","PC + imm",IF(O4="1","PC + imm if taken, else PC + 4","PC + 4")))) -> PC + 4 | AC4: =IF(J4="0","nothing",IF(N4="1","PC + 4",IF(M4="1","load data (LOAD_U)","ALU result"))) -> ALU result
A5: and | B5: R | C5: 0110011 | D5: 111 | E5: 0000000 | F5: 0 | G5: 10 | H5: 00 | I5: 0 | J5: 1 | K5: 0 | L5: 0 | M5: 0 | N5: 0 | O5: 0 | P5: 0 | Q5: 0 | R5: 0 | S5: none (0) | T5: =IF(AND(MID($G5,1,1)="1",OR(MID($D5,1,1)="1",AND(NOT(MID($D5,2,1)="1"),MID($D5,3,1)="1"))),1,0) -> 1 | U5: =IF(AND(MID($G5,1,1)="1",OR(AND(NOT(MID($D5,1,1)="1"),MID($D5,2,1)="1"),AND(NOT(MID($D5,2,1)="1"),MID($D5,3,1)="1"))),1,0) -> 0 | V5: =IF(OR(AND(NOT(MID($D5,1,1)="1"),MID($D5,2,1)="1",MID($D5,3,1)="1"),AND(MID($D5,1,1)="1",NOT(MID($D5,2,1)="1"),NOT(MID($D5,3,1)="1")),AND(MID($D5,1,1)="1",NOT(MID($D5,2,1)="1"),MID($D5,3,1)="1",$F5="1")),1,0) -> 0 | W5: =IF(AND(MID($G5,1,1)="1",OR(AND(NOT(MID($D5,1,1)="1"),MID($D5,2,1)="1"),AND(MID($D5,2,1)="1",NOT(MID($D5,3,1)="1")),AND(NOT(MID($D5,1,1)="1"),NOT(MID($D5,2,1)="1"),NOT(MID($D5,3,1)="1"),$F5="1",NOT(MID($G5,2,1)="1")),AND(MID($D5,1,1)="1",NOT(MID($D5,2,1)="1"),MID($D5,3,1)="1"))),1,0) -> 0 | X5: =T5&U5&V5&W5 -> 1000 | Y5: =IFERROR(INDEX(ALUCtrl_Key!$B$5:$B$20,MATCH(X5,ALUCtrl_Key!$A$5:$A$20,0)),"?") -> and | Z5: =IF(H5="00","rs1 (s_read1)",IF(H5="01","PC (s_pc_out)","0")) -> rs1 (s_read1) | AA5: =IF(I5="1","immediate (s_immgen)","rs2 (s_read2)") -> rs2 (s_read2) | AB5: =IF(R5="1","PC (held)",IF(Q5="1","(rs1 + imm) with bit 0 cleared",IF(P5="1","PC + imm",IF(O5="1","PC + imm if taken, else PC + 4","PC + 4")))) -> PC + 4 | AC5: =IF(J5="0","nothing",IF(N5="1","PC + 4",IF(M5="1","load data (LOAD_U)","ALU result"))) -> ALU result
A6: or | B6: R | C6: 0110011 | D6: 110 | E6: 0000000 | F6: 0 | G6: 10 | H6: 00 | I6: 0 | J6: 1 | K6: 0 | L6: 0 | M6: 0 | N6: 0 | O6: 0 | P6: 0 | Q6: 0 | R6: 0 | S6: none (0) | T6: =IF(AND(MID($G6,1,1)="1",OR(MID($D6,1,1)="1",AND(NOT(MID($D6,2,1)="1"),MID($D6,3,1)="1"))),1,0) -> 1 | U6: =IF(AND(MID($G6,1,1)="1",OR(AND(NOT(MID($D6,1,1)="1"),MID($D6,2,1)="1"),AND(NOT(MID($D6,2,1)="1"),MID($D6,3,1)="1"))),1,0) -> 0 | V6: =IF(OR(AND(NOT(MID($D6,1,1)="1"),MID($D6,2,1)="1",MID($D6,3,1)="1"),AND(MID($D6,1,1)="1",NOT(MID($D6,2,1)="1"),NOT(MID($D6,3,1)="1")),AND(MID($D6,1,1)="1",NOT(MID($D6,2,1)="1"),MID($D6,3,1)="1",$F6="1")),1,0) -> 0 | W6: =IF(AND(MID($G6,1,1)="1",OR(AND(NOT(MID($D6,1,1)="1"),MID($D6,2,1)="1"),AND(MID($D6,2,1)="1",NOT(MID($D6,3,1)="1")),AND(NOT(MID($D6,1,1)="1"),NOT(MID($D6,2,1)="1"),NOT(MID($D6,3,1)="1"),$F6="1",NOT(MID($G6,2,1)="1")),AND(MID($D6,1,1)="1",NOT(MID($D6,2,1)="1"),MID($D6,3,1)="1"))),1,0) -> 1 | X6: =T6&U6&V6&W6 -> 1001 | Y6: =IFERROR(INDEX(ALUCtrl_Key!$B$5:$B$20,MATCH(X6,ALUCtrl_Key!$A$5:$A$20,0)),"?") -> or | Z6: =IF(H6="00","rs1 (s_read1)",IF(H6="01","PC (s_pc_out)","0")) -> rs1 (s_read1) | AA6: =IF(I6="1","immediate (s_immgen)","rs2 (s_read2)") -> rs2 (s_read2) | AB6: =IF(R6="1","PC (held)",IF(Q6="1","(rs1 + imm) with bit 0 cleared",IF(P6="1","PC + imm",IF(O6="1","PC + imm if taken, else PC + 4","PC + 4")))) -> PC + 4 | AC6: =IF(J6="0","nothing",IF(N6="1","PC + 4",IF(M6="1","load data (LOAD_U)","ALU result"))) -> ALU result
A7: xor | B7: R | C7: 0110011 | D7: 100 | E7: 0000000 | F7: 0 | G7: 10 | H7: 00 | I7: 0 | J7: 1 | K7: 0 | L7: 0 | M7: 0 | N7: 0 | O7: 0 | P7: 0 | Q7: 0 | R7: 0 | S7: none (0) | T7: =IF(AND(MID($G7,1,1)="1",OR(MID($D7,1,1)="1",AND(NOT(MID($D7,2,1)="1"),MID($D7,3,1)="1"))),1,0) -> 1 | U7: =IF(AND(MID($G7,1,1)="1",OR(AND(NOT(MID($D7,1,1)="1"),MID($D7,2,1)="1"),AND(NOT(MID($D7,2,1)="1"),MID($D7,3,1)="1"))),1,0) -> 0 | V7: =IF(OR(AND(NOT(MID($D7,1,1)="1"),MID($D7,2,1)="1",MID($D7,3,1)="1"),AND(MID($D7,1,1)="1",NOT(MID($D7,2,1)="1"),NOT(MID($D7,3,1)="1")),AND(MID($D7,1,1)="1",NOT(MID($D7,2,1)="1"),MID($D7,3,1)="1",$F7="1")),1,0) -> 1 | W7: =IF(AND(MID($G7,1,1)="1",OR(AND(NOT(MID($D7,1,1)="1"),MID($D7,2,1)="1"),AND(MID($D7,2,1)="1",NOT(MID($D7,3,1)="1")),AND(NOT(MID($D7,1,1)="1"),NOT(MID($D7,2,1)="1"),NOT(MID($D7,3,1)="1"),$F7="1",NOT(MID($G7,2,1)="1")),AND(MID($D7,1,1)="1",NOT(MID($D7,2,1)="1"),MID($D7,3,1)="1"))),1,0) -> 0 | X7: =T7&U7&V7&W7 -> 1010 | Y7: =IFERROR(INDEX(ALUCtrl_Key!$B$5:$B$20,MATCH(X7,ALUCtrl_Key!$A$5:$A$20,0)),"?") -> xor | Z7: =IF(H7="00","rs1 (s_read1)",IF(H7="01","PC (s_pc_out)","0")) -> rs1 (s_read1) | AA7: =IF(I7="1","immediate (s_immgen)","rs2 (s_read2)") -> rs2 (s_read2) | AB7: =IF(R7="1","PC (held)",IF(Q7="1","(rs1 + imm) with bit 0 cleared",IF(P7="1","PC + imm",IF(O7="1","PC + imm if taken, else PC + 4","PC + 4")))) -> PC + 4 | AC7: =IF(J7="0","nothing",IF(N7="1","PC + 4",IF(M7="1","load data (LOAD_U)","ALU result"))) -> ALU result
A8: slt | B8: R | C8: 0110011 | D8: 010 | E8: 0000000 | F8: 0 | G8: 10 | H8: 00 | I8: 0 | J8: 1 | K8: 0 | L8: 0 | M8: 0 | N8: 0 | O8: 0 | P8: 0 | Q8: 0 | R8: 0 | S8: none (0) | T8: =IF(AND(MID($G8,1,1)="1",OR(MID($D8,1,1)="1",AND(NOT(MID($D8,2,1)="1"),MID($D8,3,1)="1"))),1,0) -> 0 | U8: =IF(AND(MID($G8,1,1)="1",OR(AND(NOT(MID($D8,1,1)="1"),MID($D8,2,1)="1"),AND(NOT(MID($D8,2,1)="1"),MID($D8,3,1)="1"))),1,0) -> 1 | V8: =IF(OR(AND(NOT(MID($D8,1,1)="1"),MID($D8,2,1)="1",MID($D8,3,1)="1"),AND(MID($D8,1,1)="1",NOT(MID($D8,2,1)="1"),NOT(MID($D8,3,1)="1")),AND(MID($D8,1,1)="1",NOT(MID($D8,2,1)="1"),MID($D8,3,1)="1",$F8="1")),1,0) -> 0 | W8: =IF(AND(MID($G8,1,1)="1",OR(AND(NOT(MID($D8,1,1)="1"),MID($D8,2,1)="1"),AND(MID($D8,2,1)="1",NOT(MID($D8,3,1)="1")),AND(NOT(MID($D8,1,1)="1"),NOT(MID($D8,2,1)="1"),NOT(MID($D8,3,1)="1"),$F8="1",NOT(MID($G8,2,1)="1")),AND(MID($D8,1,1)="1",NOT(MID($D8,2,1)="1"),MID($D8,3,1)="1"))),1,0) -> 1 | X8: =T8&U8&V8&W8 -> 0101 | Y8: =IFERROR(INDEX(ALUCtrl_Key!$B$5:$B$20,MATCH(X8,ALUCtrl_Key!$A$5:$A$20,0)),"?") -> slt (signed less-than) | Z8: =IF(H8="00","rs1 (s_read1)",IF(H8="01","PC (s_pc_out)","0")) -> rs1 (s_read1) | AA8: =IF(I8="1","immediate (s_immgen)","rs2 (s_read2)") -> rs2 (s_read2) | AB8: =IF(R8="1","PC (held)",IF(Q8="1","(rs1 + imm) with bit 0 cleared",IF(P8="1","PC + imm",IF(O8="1","PC + imm if taken, else PC + 4","PC + 4")))) -> PC + 4 | AC8: =IF(J8="0","nothing",IF(N8="1","PC + 4",IF(M8="1","load data (LOAD_U)","ALU result"))) -> ALU result
A9: sll | B9: R | C9: 0110011 | D9: 001 | E9: 0000000 | F9: 0 | G9: 10 | H9: 00 | I9: 0 | J9: 1 | K9: 0 | L9: 0 | M9: 0 | N9: 0 | O9: 0 | P9: 0 | Q9: 0 | R9: 0 | S9: none (0) | T9: =IF(AND(MID($G9,1,1)="1",OR(MID($D9,1,1)="1",AND(NOT(MID($D9,2,1)="1"),MID($D9,3,1)="1"))),1,0) -> 1 | U9: =IF(AND(MID($G9,1,1)="1",OR(AND(NOT(MID($D9,1,1)="1"),MID($D9,2,1)="1"),AND(NOT(MID($D9,2,1)="1"),MID($D9,3,1)="1"))),1,0) -> 1 | V9: =IF(OR(AND(NOT(MID($D9,1,1)="1"),MID($D9,2,1)="1",MID($D9,3,1)="1"),AND(MID($D9,1,1)="1",NOT(MID($D9,2,1)="1"),NOT(MID($D9,3,1)="1")),AND(MID($D9,1,1)="1",NOT(MID($D9,2,1)="1"),MID($D9,3,1)="1",$F9="1")),1,0) -> 0 | W9: =IF(AND(MID($G9,1,1)="1",OR(AND(NOT(MID($D9,1,1)="1"),MID($D9,2,1)="1"),AND(MID($D9,2,1)="1",NOT(MID($D9,3,1)="1")),AND(NOT(MID($D9,1,1)="1"),NOT(MID($D9,2,1)="1"),NOT(MID($D9,3,1)="1"),$F9="1",NOT(MID($G9,2,1)="1")),AND(MID($D9,1,1)="1",NOT(MID($D9,2,1)="1"),MID($D9,3,1)="1"))),1,0) -> 0 | X9: =T9&U9&V9&W9 -> 1100 | Y9: =IFERROR(INDEX(ALUCtrl_Key!$B$5:$B$20,MATCH(X9,ALUCtrl_Key!$A$5:$A$20,0)),"?") -> sll | Z9: =IF(H9="00","rs1 (s_read1)",IF(H9="01","PC (s_pc_out)","0")) -> rs1 (s_read1) | AA9: =IF(I9="1","immediate (s_immgen)","rs2 (s_read2)") -> rs2 (s_read2) | AB9: =IF(R9="1","PC (held)",IF(Q9="1","(rs1 + imm) with bit 0 cleared",IF(P9="1","PC + imm",IF(O9="1","PC + imm if taken, else PC + 4","PC + 4")))) -> PC + 4 | AC9: =IF(J9="0","nothing",IF(N9="1","PC + 4",IF(M9="1","load data (LOAD_U)","ALU result"))) -> ALU result
A10: srl | B10: R | C10: 0110011 | D10: 101 | E10: 0000000 | F10: 0 | G10: 10 | H10: 00 | I10: 0 | J10: 1 | K10: 0 | L10: 0 | M10: 0 | N10: 0 | O10: 0 | P10: 0 | Q10: 0 | R10: 0 | S10: none (0) | T10: =IF(AND(MID($G10,1,1)="1",OR(MID($D10,1,1)="1",AND(NOT(MID($D10,2,1)="1"),MID($D10,3,1)="1"))),1,0) -> 1 | U10: =IF(AND(MID($G10,1,1)="1",OR(AND(NOT(MID($D10,1,1)="1"),MID($D10,2,1)="1"),AND(NOT(MID($D10,2,1)="1"),MID($D10,3,1)="1"))),1,0) -> 1 | V10: =IF(OR(AND(NOT(MID($D10,1,1)="1"),MID($D10,2,1)="1",MID($D10,3,1)="1"),AND(MID($D10,1,1)="1",NOT(MID($D10,2,1)="1"),NOT(MID($D10,3,1)="1")),AND(MID($D10,1,1)="1",NOT(MID($D10,2,1)="1"),MID($D10,3,1)="1",$F10="1")),1,0) -> 0 | W10: =IF(AND(MID($G10,1,1)="1",OR(AND(NOT(MID($D10,1,1)="1"),MID($D10,2,1)="1"),AND(MID($D10,2,1)="1",NOT(MID($D10,3,1)="1")),AND(NOT(MID($D10,1,1)="1"),NOT(MID($D10,2,1)="1"),NOT(MID($D10,3,1)="1"),$F10="1",NOT(MID($G10,2,1)="1")),AND(MID($D10,1,1)="1",NOT(MID($D10,2,1)="1"),MID($D10,3,1)="1"))),1,0) -> 1 | X10: =T10&U10&V10&W10 -> 1101 | Y10: =IFERROR(INDEX(ALUCtrl_Key!$B$5:$B$20,MATCH(X10,ALUCtrl_Key!$A$5:$A$20,0)),"?") -> srl | Z10: =IF(H10="00","rs1 (s_read1)",IF(H10="01","PC (s_pc_out)","0")) -> rs1 (s_read1) | AA10: =IF(I10="1","immediate (s_immgen)","rs2 (s_read2)") -> rs2 (s_read2) | AB10: =IF(R10="1","PC (held)",IF(Q10="1","(rs1 + imm) with bit 0 cleared",IF(P10="1","PC + imm",IF(O10="1","PC + imm if taken, else PC + 4","PC + 4")))) -> PC + 4 | AC10: =IF(J10="0","nothing",IF(N10="1","PC + 4",IF(M10="1","load data (LOAD_U)","ALU result"))) -> ALU result
A11: sra | B11: R | C11: 0110011 | D11: 101 | E11: 0100000 | F11: 1 | G11: 10 | H11: 00 | I11: 0 | J11: 1 | K11: 0 | L11: 0 | M11: 0 | N11: 0 | O11: 0 | P11: 0 | Q11: 0 | R11: 0 | S11: none (0) | T11: =IF(AND(MID($G11,1,1)="1",OR(MID($D11,1,1)="1",AND(NOT(MID($D11,2,1)="1"),MID($D11,3,1)="1"))),1,0) -> 1 | U11: =IF(AND(MID($G11,1,1)="1",OR(AND(NOT(MID($D11,1,1)="1"),MID($D11,2,1)="1"),AND(NOT(MID($D11,2,1)="1"),MID($D11,3,1)="1"))),1,0) -> 1 | V11: =IF(OR(AND(NOT(MID($D11,1,1)="1"),MID($D11,2,1)="1",MID($D11,3,1)="1"),AND(MID($D11,1,1)="1",NOT(MID($D11,2,1)="1"),NOT(MID($D11,3,1)="1")),AND(MID($D11,1,1)="1",NOT(MID($D11,2,1)="1"),MID($D11,3,1)="1",$F11="1")),1,0) -> 1 | W11: =IF(AND(MID($G11,1,1)="1",OR(AND(NOT(MID($D11,1,1)="1"),MID($D11,2,1)="1"),AND(MID($D11,2,1)="1",NOT(MID($D11,3,1)="1")),AND(NOT(MID($D11,1,1)="1"),NOT(MID($D11,2,1)="1"),NOT(MID($D11,3,1)="1"),$F11="1",NOT(MID($G11,2,1)="1")),AND(MID($D11,1,1)="1",NOT(MID($D11,2,1)="1"),MID($D11,3,1)="1"))),1,0) -> 1 | X11: =T11&U11&V11&W11 -> 1111 | Y11: =IFERROR(INDEX(ALUCtrl_Key!$B$5:$B$20,MATCH(X11,ALUCtrl_Key!$A$5:$A$20,0)),"?") -> sra | Z11: =IF(H11="00","rs1 (s_read1)",IF(H11="01","PC (s_pc_out)","0")) -> rs1 (s_read1) | AA11: =IF(I11="1","immediate (s_immgen)","rs2 (s_read2)") -> rs2 (s_read2) | AB11: =IF(R11="1","PC (held)",IF(Q11="1","(rs1 + imm) with bit 0 cleared",IF(P11="1","PC + imm",IF(O11="1","PC + imm if taken, else PC + 4","PC + 4")))) -> PC + 4 | AC11: =IF(J11="0","nothing",IF(N11="1","PC + 4",IF(M11="1","load data (LOAD_U)","ALU result"))) -> ALU result
A12: addi | B12: I | C12: 0010011 | D12: 000 | E12: imm[11:5] | F12: x | G12: 11 | H12: 00 | I12: 1 | J12: 1 | K12: 0 | L12: 0 | M12: 0 | N12: 0 | O12: 0 | P12: 0 | Q12: 0 | R12: 0 | S12: I | T12: =IF(AND(MID($G12,1,1)="1",OR(MID($D12,1,1)="1",AND(NOT(MID($D12,2,1)="1"),MID($D12,3,1)="1"))),1,0) -> 0 | U12: =IF(AND(MID($G12,1,1)="1",OR(AND(NOT(MID($D12,1,1)="1"),MID($D12,2,1)="1"),AND(NOT(MID($D12,2,1)="1"),MID($D12,3,1)="1"))),1,0) -> 0 | V12: =IF(OR(AND(NOT(MID($D12,1,1)="1"),MID($D12,2,1)="1",MID($D12,3,1)="1"),AND(MID($D12,1,1)="1",NOT(MID($D12,2,1)="1"),NOT(MID($D12,3,1)="1")),AND(MID($D12,1,1)="1",NOT(MID($D12,2,1)="1"),MID($D12,3,1)="1",$F12="1")),1,0) -> 0 | W12: =IF(AND(MID($G12,1,1)="1",OR(AND(NOT(MID($D12,1,1)="1"),MID($D12,2,1)="1"),AND(MID($D12,2,1)="1",NOT(MID($D12,3,1)="1")),AND(NOT(MID($D12,1,1)="1"),NOT(MID($D12,2,1)="1"),NOT(MID($D12,3,1)="1"),$F12="1",NOT(MID($G12,2,1)="1")),AND(MID($D12,1,1)="1",NOT(MID($D12,2,1)="1"),MID($D12,3,1)="1"))),1,0) -> 0 | X12: =T12&U12&V12&W12 -> 0000 | Y12: =IFERROR(INDEX(ALUCtrl_Key!$B$5:$B$20,MATCH(X12,ALUCtrl_Key!$A$5:$A$20,0)),"?") -> add | Z12: =IF(H12="00","rs1 (s_read1)",IF(H12="01","PC (s_pc_out)","0")) -> rs1 (s_read1) | AA12: =IF(I12="1","immediate (s_immgen)","rs2 (s_read2)") -> immediate (s_immgen) | AB12: =IF(R12="1","PC (held)",IF(Q12="1","(rs1 + imm) with bit 0 cleared",IF(P12="1","PC + imm",IF(O12="1","PC + imm if taken, else PC + 4","PC + 4")))) -> PC + 4 | AC12: =IF(J12="0","nothing",IF(N12="1","PC + 4",IF(M12="1","load data (LOAD_U)","ALU result"))) -> ALU result
A13: andi | B13: I | C13: 0010011 | D13: 111 | E13: imm[11:5] | F13: x | G13: 11 | H13: 00 | I13: 1 | J13: 1 | K13: 0 | L13: 0 | M13: 0 | N13: 0 | O13: 0 | P13: 0 | Q13: 0 | R13: 0 | S13: I | T13: =IF(AND(MID($G13,1,1)="1",OR(MID($D13,1,1)="1",AND(NOT(MID($D13,2,1)="1"),MID($D13,3,1)="1"))),1,0) -> 1 | U13: =IF(AND(MID($G13,1,1)="1",OR(AND(NOT(MID($D13,1,1)="1"),MID($D13,2,1)="1"),AND(NOT(MID($D13,2,1)="1"),MID($D13,3,1)="1"))),1,0) -> 0 | V13: =IF(OR(AND(NOT(MID($D13,1,1)="1"),MID($D13,2,1)="1",MID($D13,3,1)="1"),AND(MID($D13,1,1)="1",NOT(MID($D13,2,1)="1"),NOT(MID($D13,3,1)="1")),AND(MID($D13,1,1)="1",NOT(MID($D13,2,1)="1"),MID($D13,3,1)="1",$F13="1")),1,0) -> 0 | W13: =IF(AND(MID($G13,1,1)="1",OR(AND(NOT(MID($D13,1,1)="1"),MID($D13,2,1)="1"),AND(MID($D13,2,1)="1",NOT(MID($D13,3,1)="1")),AND(NOT(MID($D13,1,1)="1"),NOT(MID($D13,2,1)="1"),NOT(MID($D13,3,1)="1"),$F13="1",NOT(MID($G13,2,1)="1")),AND(MID($D13,1,1)="1",NOT(MID($D13,2,1)="1"),MID($D13,3,1)="1"))),1,0) -> 0 | X13: =T13&U13&V13&W13 -> 1000 | Y13: =IFERROR(INDEX(ALUCtrl_Key!$B$5:$B$20,MATCH(X13,ALUCtrl_Key!$A$5:$A$20,0)),"?") -> and | Z13: =IF(H13="00","rs1 (s_read1)",IF(H13="01","PC (s_pc_out)","0")) -> rs1 (s_read1) | AA13: =IF(I13="1","immediate (s_immgen)","rs2 (s_read2)") -> immediate (s_immgen) | AB13: =IF(R13="1","PC (held)",IF(Q13="1","(rs1 + imm) with bit 0 cleared",IF(P13="1","PC + imm",IF(O13="1","PC + imm if taken, else PC + 4","PC + 4")))) -> PC + 4 | AC13: =IF(J13="0","nothing",IF(N13="1","PC + 4",IF(M13="1","load data (LOAD_U)","ALU result"))) -> ALU result
A14: ori | B14: I | C14: 0010011 | D14: 110 | E14: imm[11:5] | F14: x | G14: 11 | H14: 00 | I14: 1 | J14: 1 | K14: 0 | L14: 0 | M14: 0 | N14: 0 | O14: 0 | P14: 0 | Q14: 0 | R14: 0 | S14: I | T14: =IF(AND(MID($G14,1,1)="1",OR(MID($D14,1,1)="1",AND(NOT(MID($D14,2,1)="1"),MID($D14,3,1)="1"))),1,0) -> 1 | U14: =IF(AND(MID($G14,1,1)="1",OR(AND(NOT(MID($D14,1,1)="1"),MID($D14,2,1)="1"),AND(NOT(MID($D14,2,1)="1"),MID($D14,3,1)="1"))),1,0) -> 0 | V14: =IF(OR(AND(NOT(MID($D14,1,1)="1"),MID($D14,2,1)="1",MID($D14,3,1)="1"),AND(MID($D14,1,1)="1",NOT(MID($D14,2,1)="1"),NOT(MID($D14,3,1)="1")),AND(MID($D14,1,1)="1",NOT(MID($D14,2,1)="1"),MID($D14,3,1)="1",$F14="1")),1,0) -> 0 | W14: =IF(AND(MID($G14,1,1)="1",OR(AND(NOT(MID($D14,1,1)="1"),MID($D14,2,1)="1"),AND(MID($D14,2,1)="1",NOT(MID($D14,3,1)="1")),AND(NOT(MID($D14,1,1)="1"),NOT(MID($D14,2,1)="1"),NOT(MID($D14,3,1)="1"),$F14="1",NOT(MID($G14,2,1)="1")),AND(MID($D14,1,1)="1",NOT(MID($D14,2,1)="1"),MID($D14,3,1)="1"))),1,0) -> 1 | X14: =T14&U14&V14&W14 -> 1001 | Y14: =IFERROR(INDEX(ALUCtrl_Key!$B$5:$B$20,MATCH(X14,ALUCtrl_Key!$A$5:$A$20,0)),"?") -> or | Z14: =IF(H14="00","rs1 (s_read1)",IF(H14="01","PC (s_pc_out)","0")) -> rs1 (s_read1) | AA14: =IF(I14="1","immediate (s_immgen)","rs2 (s_read2)") -> immediate (s_immgen) | AB14: =IF(R14="1","PC (held)",IF(Q14="1","(rs1 + imm) with bit 0 cleared",IF(P14="1","PC + imm",IF(O14="1","PC + imm if taken, else PC + 4","PC + 4")))) -> PC + 4 | AC14: =IF(J14="0","nothing",IF(N14="1","PC + 4",IF(M14="1","load data (LOAD_U)","ALU result"))) -> ALU result
... A20: srai | B20: I | C20: 0010011 | D20: 101 | E20: 0100000 | F20: 1 | G20: 11 | H20: 00 | I20: 1 | J20: 1 | K20: 0 | L20: 0 | M20: 0 | N20: 0 | O20: 0 | P20: 0 | Q20: 0 | R20: 0 | S20: I (shamt = imm[4:0]) | T20: =IF(AND(MID($G20,1,1)="1",OR(MID($D20,1,1)="1",AND(NOT(MID($D20,2,1)="1"),MID($D20,3,1)="1"))),1,0) -> 1 | U20: =IF(AND(MID($G20,1,1)="1",OR(AND(NOT(MID($D20,1,1)="1"),MID($D20,2,1)="1"),AND(NOT(MID($D20,2,1)="1"),MID($D20,3,1)="1"))),1,0) -> 1 | V20: =IF(OR(AND(NOT(MID($D20,1,1)="1"),MID($D20,2,1)="1",MID($D20,3,1)="1"),AND(MID($D20,1,1)="1",NOT(MID($D20,2,1)="1"),NOT(MID($D20,3,1)="1")),AND(MID($D20,1,1)="1",NOT(MID($D20,2,1)="1"),MID($D20,3,1)="1",$F20="1")),1,0) -> 1 | W20: =IF(AND(MID($G20,1,1)="1",OR(AND(NOT(MID($D20,1,1)="1"),MID($D20,2,1)="1"),AND(MID($D20,2,1)="1",NOT(MID($D20,3,1)="1")),AND(NOT(MID($D20,1,1)="1"),NOT(MID($D20,2,1)="1"),NOT(MID($D20,3,1)="1"),$F20="1",NOT(MID($G20,2,1)="1")),AND(MID($D20,1,1)="1",NOT(MID($D20,2,1)="1"),MID($D20,3,1)="1"))),1,0) -> 1 | X20: =T20&U20&V20&W20 -> 1111 | Y20: =IFERROR(INDEX(ALUCtrl_Key!$B$5:$B$20,MATCH(X20,ALUCtrl_Key!$A$5:$A$20,0)),"?") -> sra | Z20: =IF(H20="00","rs1 (s_read1)",IF(H20="01","PC (s_pc_out)","0")) -> rs1 (s_read1) | AA20: =IF(I20="1","immediate (s_immgen)","rs2 (s_read2)") -> immediate (s_immgen) | AB20: =IF(R20="1","PC (held)",IF(Q20="1","(rs1 + imm) with bit 0 cleared",IF(P20="1","PC + imm",IF(O20="1","PC + imm if taken, else PC + 4","PC + 4")))) -> PC + 4 | AC20: =IF(J20="0","nothing",IF(N20="1","PC + 4",IF(M20="1","load data (LOAD_U)","ALU result"))) -> ALU result
A21: lb | B21: I | C21: 0000011 | D21: 000 | E21: imm[11:5] | F21: x | G21: 00 | H21: 00 | I21: 1 | J21: 1 | K21: 1 | L21: 0 | M21: 1 | N21: 0 | O21: 0 | P21: 0 | Q21: 0 | R21: 0 | S21: I | T21: =IF(AND(MID($G21,1,1)="1",OR(MID($D21,1,1)="1",AND(NOT(MID($D21,2,1)="1"),MID($D21,3,1)="1"))),1,0) -> 0 | U21: =IF(AND(MID($G21,1,1)="1",OR(AND(NOT(MID($D21,1,1)="1"),MID($D21,2,1)="1"),AND(NOT(MID($D21,2,1)="1"),MID($D21,3,1)="1"))),1,0) -> 0 | V21: =IF(OR(AND(NOT(MID($D21,1,1)="1"),MID($D21,2,1)="1",MID($D21,3,1)="1"),AND(MID($D21,1,1)="1",NOT(MID($D21,2,1)="1"),NOT(MID($D21,3,1)="1")),AND(MID($D21,1,1)="1",NOT(MID($D21,2,1)="1"),MID($D21,3,1)="1",$F21="1")),1,0) -> 0 | W21: =IF(AND(MID($G21,1,1)="1",OR(AND(NOT(MID($D21,1,1)="1"),MID($D21,2,1)="1"),AND(MID($D21,2,1)="1",NOT(MID($D21,3,1)="1")),AND(NOT(MID($D21,1,1)="1"),NOT(MID($D21,2,1)="1"),NOT(MID($D21,3,1)="1"),$F21="1",NOT(MID($G21,2,1)="1")),AND(MID($D21,1,1)="1",NOT(MID($D21,2,1)="1"),MID($D21,3,1)="1"))),1,0) -> 0 | X21: =T21&U21&V21&W21 -> 0000 | Y21: =IFERROR(INDEX(ALUCtrl_Key!$B$5:$B$20,MATCH(X21,ALUCtrl_Key!$A$5:$A$20,0)),"?") -> add | Z21: =IF(H21="00","rs1 (s_read1)",IF(H21="01","PC (s_pc_out)","0")) -> rs1 (s_read1) | AA21: =IF(I21="1","immediate (s_immgen)","rs2 (s_read2)") -> immediate (s_immgen) | AB21: =IF(R21="1","PC (held)",IF(Q21="1","(rs1 + imm) with bit 0 cleared",IF(P21="1","PC + imm",IF(O21="1","PC + imm if taken, else PC + 4","PC + 4")))) -> PC + 4 | AC21: =IF(J21="0","nothing",IF(N21="1","PC + 4",IF(M21="1","load data (LOAD_U)","ALU result"))) -> load data (LOAD_U) | AD21: LOAD_U: byte at addr[1:0], sign-extended
A22: lh | B22: I | C22: 0000011 | D22: 001 | E22: imm[11:5] | F22: x | G22: 00 | H22: 00 | I22: 1 | J22: 1 | K22: 1 | L22: 0 | M22: 1 | N22: 0 | O22: 0 | P22: 0 | Q22: 0 | R22: 0 | S22: I | T22: =IF(AND(MID($G22,1,1)="1",OR(MID($D22,1,1)="1",AND(NOT(MID($D22,2,1)="1"),MID($D22,3,1)="1"))),1,0) -> 0 | U22: =IF(AND(MID($G22,1,1)="1",OR(AND(NOT(MID($D22,1,1)="1"),MID($D22,2,1)="1"),AND(NOT(MID($D22,2,1)="1"),MID($D22,3,1)="1"))),1,0) -> 0 | V22: =IF(OR(AND(NOT(MID($D22,1,1)="1"),MID($D22,2,1)="1",MID($D22,3,1)="1"),AND(MID($D22,1,1)="1",NOT(MID($D22,2,1)="1"),NOT(MID($D22,3,1)="1")),AND(MID($D22,1,1)="1",NOT(MID($D22,2,1)="1"),MID($D22,3,1)="1",$F22="1")),1,0) -> 0 | W22: =IF(AND(MID($G22,1,1)="1",OR(AND(NOT(MID($D22,1,1)="1"),MID($D22,2,1)="1"),AND(MID($D22,2,1)="1",NOT(MID($D22,3,1)="1")),AND(NOT(MID($D22,1,1)="1"),NOT(MID($D22,2,1)="1"),NOT(MID($D22,3,1)="1"),$F22="1",NOT(MID($G22,2,1)="1")),AND(MID($D22,1,1)="1",NOT(MID($D22,2,1)="1"),MID($D22,3,1)="1"))),1,0) -> 0 | X22: =T22&U22&V22&W22 -> 0000 | Y22: =IFERROR(INDEX(ALUCtrl_Key!$B$5:$B$20,MATCH(X22,ALUCtrl_Key!$A$5:$A$20,0)),"?") -> add | Z22: =IF(H22="00","rs1 (s_read1)",IF(H22="01","PC (s_pc_out)","0")) -> rs1 (s_read1) | AA22: =IF(I22="1","immediate (s_immgen)","rs2 (s_read2)") -> immediate (s_immgen) | AB22: =IF(R22="1","PC (held)",IF(Q22="1","(rs1 + imm) with bit 0 cleared",IF(P22="1","PC + imm",IF(O22="1","PC + imm if taken, else PC + 4","PC + 4")))) -> PC + 4 | AC22: =IF(J22="0","nothing",IF(N22="1","PC + 4",IF(M22="1","load data (LOAD_U)","ALU result"))) -> load data (LOAD_U) | AD22: LOAD_U: halfword at addr[1], sign-extended
A23: lw | B23: I | C23: 0000011 | D23: 010 | E23: imm[11:5] | F23: x | G23: 00 | H23: 00 | I23: 1 | J23: 1 | K23: 1 | L23: 0 | M23: 1 | N23: 0 | O23: 0 | P23: 0 | Q23: 0 | R23: 0 | S23: I | T23: =IF(AND(MID($G23,1,1)="1",OR(MID($D23,1,1)="1",AND(NOT(MID($D23,2,1)="1"),MID($D23,3,1)="1"))),1,0) -> 0 | U23: =IF(AND(MID($G23,1,1)="1",OR(AND(NOT(MID($D23,1,1)="1"),MID($D23,2,1)="1"),AND(NOT(MID($D23,2,1)="1"),MID($D23,3,1)="1"))),1,0) -> 0 | V23: =IF(OR(AND(NOT(MID($D23,1,1)="1"),MID($D23,2,1)="1",MID($D23,3,1)="1"),AND(MID($D23,1,1)="1",NOT(MID($D23,2,1)="1"),NOT(MID($D23,3,1)="1")),AND(MID($D23,1,1)="1",NOT(MID($D23,2,1)="1"),MID($D23,3,1)="1",$F23="1")),1,0) -> 0 | W23: =IF(AND(MID($G23,1,1)="1",OR(AND(NOT(MID($D23,1,1)="1"),MID($D23,2,1)="1"),AND(MID($D23,2,1)="1",NOT(MID($D23,3,1)="1")),AND(NOT(MID($D23,1,1)="1"),NOT(MID($D23,2,1)="1"),NOT(MID($D23,3,1)="1"),$F23="1",NOT(MID($G23,2,1)="1")),AND(MID($D23,1,1)="1",NOT(MID($D23,2,1)="1"),MID($D23,3,1)="1"))),1,0) -> 0 | X23: =T23&U23&V23&W23 -> 0000 | Y23: =IFERROR(INDEX(ALUCtrl_Key!$B$5:$B$20,MATCH(X23,ALUCtrl_Key!$A$5:$A$20,0)),"?") -> add | Z23: =IF(H23="00","rs1 (s_read1)",IF(H23="01","PC (s_pc_out)","0")) -> rs1 (s_read1) | AA23: =IF(I23="1","immediate (s_immgen)","rs2 (s_read2)") -> immediate (s_immgen) | AB23: =IF(R23="1","PC (held)",IF(Q23="1","(rs1 + imm) with bit 0 cleared",IF(P23="1","PC + imm",IF(O23="1","PC + imm if taken, else PC + 4","PC + 4")))) -> PC + 4 | AC23: =IF(J23="0","nothing",IF(N23="1","PC + 4",IF(M23="1","load data (LOAD_U)","ALU result"))) -> load data (LOAD_U) | AD23: LOAD_U: full word
A24: lbu | B24: I | C24: 0000011 | D24: 100 | E24: imm[11:5] | F24: x | G24: 00 | H24: 00 | I24: 1 | J24: 1 | K24: 1 | L24: 0 | M24: 1 | N24: 0 | O24: 0 | P24: 0 | Q24: 0 | R24: 0 | S24: I | T24: =IF(AND(MID($G24,1,1)="1",OR(MID($D24,1,1)="1",AND(NOT(MID($D24,2,1)="1"),MID($D24,3,1)="1"))),1,0) -> 0 | U24: =IF(AND(MID($G24,1,1)="1",OR(AND(NOT(MID($D24,1,1)="1"),MID($D24,2,1)="1"),AND(NOT(MID($D24,2,1)="1"),MID($D24,3,1)="1"))),1,0) -> 0 | V24: =IF(OR(AND(NOT(MID($D24,1,1)="1"),MID($D24,2,1)="1",MID($D24,3,1)="1"),AND(MID($D24,1,1)="1",NOT(MID($D24,2,1)="1"),NOT(MID($D24,3,1)="1")),AND(MID($D24,1,1)="1",NOT(MID($D24,2,1)="1"),MID($D24,3,1)="1",$F24="1")),1,0) -> 1 | W24: =IF(AND(MID($G24,1,1)="1",OR(AND(NOT(MID($D24,1,1)="1"),MID($D24,2,1)="1"),AND(MID($D24,2,1)="1",NOT(MID($D24,3,1)="1")),AND(NOT(MID($D24,1,1)="1"),NOT(MID($D24,2,1)="1"),NOT(MID($D24,3,1)="1"),$F24="1",NOT(MID($G24,2,1)="1")),AND(MID($D24,1,1)="1",NOT(MID($D24,2,1)="1"),MID($D24,3,1)="1"))),1,0) -> 0 | X24: =T24&U24&V24&W24 -> 0010 | Y24: =IFERROR(INDEX(ALUCtrl_Key!$B$5:$B$20,MATCH(X24,ALUCtrl_Key!$A$5:$A$20,0)),"?") -> add (unsigned flag set, sum unchanged) | Z24: =IF(H24="00","rs1 (s_read1)",IF(H24="01","PC (s_pc_out)","0")) -> rs1 (s_read1) | AA24: =IF(I24="1","immediate (s_immgen)","rs2 (s_read2)") -> immediate (s_immgen) | AB24: =IF(R24="1","PC (held)",IF(Q24="1","(rs1 + imm) with bit 0 cleared",IF(P24="1","PC + imm",IF(O24="1","PC + imm if taken, else PC + 4","PC + 4")))) -> PC + 4 | AC24: =IF(J24="0","nothing",IF(N24="1","PC + 4",IF(M24="1","load data (LOAD_U)","ALU result"))) -> load data (LOAD_U) | AD24: LOAD_U: byte at addr[1:0], zero-extended | AE24: ALUCtrl(1) is set but only affects slt, so the sum is unchanged
A25: lhu | B25: I | C25: 0000011 | D25: 101 | E25: imm[11:5] | F25: x | G25: 00 | H25: 00 | I25: 1 | J25: 1 | K25: 1 | L25: 0 | M25: 1 | N25: 0 | O25: 0 | P25: 0 | Q25: 0 | R25: 0 | S25: I | T25: =IF(AND(MID($G25,1,1)="1",OR(MID($D25,1,1)="1",AND(NOT(MID($D25,2,1)="1"),MID($D25,3,1)="1"))),1,0) -> 0 | U25: =IF(AND(MID($G25,1,1)="1",OR(AND(NOT(MID($D25,1,1)="1"),MID($D25,2,1)="1"),AND(NOT(MID($D25,2,1)="1"),MID($D25,3,1)="1"))),1,0) -> 0 | V25: =IF(OR(AND(NOT(MID($D25,1,1)="1"),MID($D25,2,1)="1",MID($D25,3,1)="1"),AND(MID($D25,1,1)="1",NOT(MID($D25,2,1)="1"),NOT(MID($D25,3,1)="1")),AND(MID($D25,1,1)="1",NOT(MID($D25,2,1)="1"),MID($D25,3,1)="1",$F25="1")),1,0) -> 0 | W25: =IF(AND(MID($G25,1,1)="1",OR(AND(NOT(MID($D25,1,1)="1"),MID($D25,2,1)="1"),AND(MID($D25,2,1)="1",NOT(MID($D25,3,1)="1")),AND(NOT(MID($D25,1,1)="1"),NOT(MID($D25,2,1)="1"),NOT(MID($D25,3,1)="1"),$F25="1",NOT(MID($G25,2,1)="1")),AND(MID($D25,1,1)="1",NOT(MID($D25,2,1)="1"),MID($D25,3,1)="1"))),1,0) -> 0 | X25: =T25&U25&V25&W25 -> 0000 | Y25: =IFERROR(INDEX(ALUCtrl_Key!$B$5:$B$20,MATCH(X25,ALUCtrl_Key!$A$5:$A$20,0)),"?") -> add | Z25: =IF(H25="00","rs1 (s_read1)",IF(H25="01","PC (s_pc_out)","0")) -> rs1 (s_read1) | AA25: =IF(I25="1","immediate (s_immgen)","rs2 (s_read2)") -> immediate (s_immgen) | AB25: =IF(R25="1","PC (held)",IF(Q25="1","(rs1 + imm) with bit 0 cleared",IF(P25="1","PC + imm",IF(O25="1","PC + imm if taken, else PC + 4","PC + 4")))) -> PC + 4 | AC25: =IF(J25="0","nothing",IF(N25="1","PC + 4",IF(M25="1","load data (LOAD_U)","ALU result"))) -> load data (LOAD_U) | AD25: LOAD_U: halfword at addr[1], zero-extended | AE25: ALUCtrl(1) follows imm bit 30; only affects slt, so the sum is unchanged
A26: sb | B26: S | C26: 0100011 | D26: 000 | E26: imm[11:5] | F26: x | G26: 00 | H26: 00 | I26: 1 | J26: 0 | K26: 0 | L26: 1 | M26: 0 | N26: 0 | O26: 0 | P26: 0 | Q26: 0 | R26: 0 | S26: S | T26: =IF(AND(MID($G26,1,1)="1",OR(MID($D26,1,1)="1",AND(NOT(MID($D26,2,1)="1"),MID($D26,3,1)="1"))),1,0) -> 0 | U26: =IF(AND(MID($G26,1,1)="1",OR(AND(NOT(MID($D26,1,1)="1"),MID($D26,2,1)="1"),AND(NOT(MID($D26,2,1)="1"),MID($D26,3,1)="1"))),1,0) -> 0 | V26: =IF(OR(AND(NOT(MID($D26,1,1)="1"),MID($D26,2,1)="1",MID($D26,3,1)="1"),AND(MID($D26,1,1)="1",NOT(MID($D26,2,1)="1"),NOT(MID($D26,3,1)="1")),AND(MID($D26,1,1)="1",NOT(MID($D26,2,1)="1"),MID($D26,3,1)="1",$F26="1")),1,0) -> 0 | W26: =IF(AND(MID($G26,1,1)="1",OR(AND(NOT(MID($D26,1,1)="1"),MID($D26,2,1)="1"),AND(MID($D26,2,1)="1",NOT(MID($D26,3,1)="1")),AND(NOT(MID($D26,1,1)="1"),NOT(MID($D26,2,1)="1"),NOT(MID($D26,3,1)="1"),$F26="1",NOT(MID($G26,2,1)="1")),AND(MID($D26,1,1)="1",NOT(MID($D26,2,1)="1"),MID($D26,3,1)="1"))),1,0) -> 0 | X26: =T26&U26&V26&W26 -> 0000 | Y26: =IFERROR(INDEX(ALUCtrl_Key!$B$5:$B$20,MATCH(X26,ALUCtrl_Key!$A$5:$A$20,0)),"?") -> add | Z26: =IF(H26="00","rs1 (s_read1)",IF(H26="01","PC (s_pc_out)","0")) -> rs1 (s_read1) | AA26: =IF(I26="1","immediate (s_immgen)","rs2 (s_read2)") -> immediate (s_immgen) | AB26: =IF(R26="1","PC (held)",IF(Q26="1","(rs1 + imm) with bit 0 cleared",IF(P26="1","PC + imm",IF(O26="1","PC + imm if taken, else PC + 4","PC + 4")))) -> PC + 4 | AC26: =IF(J26="0","nothing",IF(N26="1","PC + 4",IF(M26="1","load data (LOAD_U)","ALU result"))) -> nothing | AD26: STORE_U: be = 0001/0010/0100/1000 by addr[1:0]; rs2[7:0] copied to every byte
A27: sh | B27: S | C27: 0100011 | D27: 001 | E27: imm[11:5] | F27: x | G27: 00 | H27: 00 | I27: 1 | J27: 0 | K27: 0 | L27: 1 | M27: 0 | N27: 0 | O27: 0 | P27: 0 | Q27: 0 | R27: 0 | S27: S | T27: =IF(AND(MID($G27,1,1)="1",OR(MID($D27,1,1)="1",AND(NOT(MID($D27,2,1)="1"),MID($D27,3,1)="1"))),1,0) -> 0 | U27: =IF(AND(MID($G27,1,1)="1",OR(AND(NOT(MID($D27,1,1)="1"),MID($D27,2,1)="1"),AND(NOT(MID($D27,2,1)="1"),MID($D27,3,1)="1"))),1,0) -> 0 | V27: =IF(OR(AND(NOT(MID($D27,1,1)="1"),MID($D27,2,1)="1",MID($D27,3,1)="1"),AND(MID($D27,1,1)="1",NOT(MID($D27,2,1)="1"),NOT(MID($D27,3,1)="1")),AND(MID($D27,1,1)="1",NOT(MID($D27,2,1)="1"),MID($D27,3,1)="1",$F27="1")),1,0) -> 0 | W27: =IF(AND(MID($G27,1,1)="1",OR(AND(NOT(MID($D27,1,1)="1"),MID($D27,2,1)="1"),AND(MID($D27,2,1)="1",NOT(MID($D27,3,1)="1")),AND(NOT(MID($D27,1,1)="1"),NOT(MID($D27,2,1)="1"),NOT(MID($D27,3,1)="1"),$F27="1",NOT(MID($G27,2,1)="1")),AND(MID($D27,1,1)="1",NOT(MID($D27,2,1)="1"),MID($D27,3,1)="1"))),1,0) -> 0 | X27: =T27&U27&V27&W27 -> 0000 | Y27: =IFERROR(INDEX(ALUCtrl_Key!$B$5:$B$20,MATCH(X27,ALUCtrl_Key!$A$5:$A$20,0)),"?") -> add | Z27: =IF(H27="00","rs1 (s_read1)",IF(H27="01","PC (s_pc_out)","0")) -> rs1 (s_read1) | AA27: =IF(I27="1","immediate (s_immgen)","rs2 (s_read2)") -> immediate (s_immgen) | AB27: =IF(R27="1","PC (held)",IF(Q27="1","(rs1 + imm) with bit 0 cleared",IF(P27="1","PC + imm",IF(O27="1","PC + imm if taken, else PC + 4","PC + 4")))) -> PC + 4 | AC27: =IF(J27="0","nothing",IF(N27="1","PC + 4",IF(M27="1","load data (LOAD_U)","ALU result"))) -> nothing | AD27: STORE_U: be = 0011 or 1100 by addr[1]; rs2[15:0] copied to both halves
A28: sw | B28: S | C28: 0100011 | D28: 010 | E28: imm[11:5] | F28: x | G28: 00 | H28: 00 | I28: 1 | J28: 0 | K28: 0 | L28: 1 | M28: 0 | N28: 0 | O28: 0 | P28: 0 | Q28: 0 | R28: 0 | S28: S | T28: =IF(AND(MID($G28,1,1)="1",OR(MID($D28,1,1)="1",AND(NOT(MID($D28,2,1)="1"),MID($D28,3,1)="1"))),1,0) -> 0 | U28: =IF(AND(MID($G28,1,1)="1",OR(AND(NOT(MID($D28,1,1)="1"),MID($D28,2,1)="1"),AND(NOT(MID($D28,2,1)="1"),MID($D28,3,1)="1"))),1,0) -> 0 | V28: =IF(OR(AND(NOT(MID($D28,1,1)="1"),MID($D28,2,1)="1",MID($D28,3,1)="1"),AND(MID($D28,1,1)="1",NOT(MID($D28,2,1)="1"),NOT(MID($D28,3,1)="1")),AND(MID($D28,1,1)="1",NOT(MID($D28,2,1)="1"),MID($D28,3,1)="1",$F28="1")),1,0) -> 0 | W28: =IF(AND(MID($G28,1,1)="1",OR(AND(NOT(MID($D28,1,1)="1"),MID($D28,2,1)="1"),AND(MID($D28,2,1)="1",NOT(MID($D28,3,1)="1")),AND(NOT(MID($D28,1,1)="1"),NOT(MID($D28,2,1)="1"),NOT(MID($D28,3,1)="1"),$F28="1",NOT(MID($G28,2,1)="1")),AND(MID($D28,1,1)="1",NOT(MID($D28,2,1)="1"),MID($D28,3,1)="1"))),1,0) -> 0 | X28: =T28&U28&V28&W28 -> 0000 | Y28: =IFERROR(INDEX(ALUCtrl_Key!$B$5:$B$20,MATCH(X28,ALUCtrl_Key!$A$5:$A$20,0)),"?") -> add | Z28: =IF(H28="00","rs1 (s_read1)",IF(H28="01","PC (s_pc_out)","0")) -> rs1 (s_read1) | AA28: =IF(I28="1","immediate (s_immgen)","rs2 (s_read2)") -> immediate (s_immgen) | AB28: =IF(R28="1","PC (held)",IF(Q28="1","(rs1 + imm) with bit 0 cleared",IF(P28="1","PC + imm",IF(O28="1","PC + imm if taken, else PC + 4","PC + 4")))) -> PC + 4 | AC28: =IF(J28="0","nothing",IF(N28="1","PC + 4",IF(M28="1","load data (LOAD_U)","ALU result"))) -> nothing | AD28: STORE_U: be = 1111; rs2 unchanged
A29: beq | B29: B | C29: 1100011 | D29: 000 | E29: imm | F29: x | G29: 01 | H29: 00 | I29: 0 | J29: 0 | K29: 0 | L29: 0 | M29: 0 | N29: 0 | O29: 1 | P29: 0 | Q29: 0 | R29: 0 | S29: B | T29: =IF(AND(MID($G29,1,1)="1",OR(MID($D29,1,1)="1",AND(NOT(MID($D29,2,1)="1"),MID($D29,3,1)="1"))),1,0) -> 0 | U29: =IF(AND(MID($G29,1,1)="1",OR(AND(NOT(MID($D29,1,1)="1"),MID($D29,2,1)="1"),AND(NOT(MID($D29,2,1)="1"),MID($D29,3,1)="1"))),1,0) -> 0 | V29: =IF(OR(AND(NOT(MID($D29,1,1)="1"),MID($D29,2,1)="1",MID($D29,3,1)="1"),AND(MID($D29,1,1)="1",NOT(MID($D29,2,1)="1"),NOT(MID($D29,3,1)="1")),AND(MID($D29,1,1)="1",NOT(MID($D29,2,1)="1"),MID($D29,3,1)="1",$F29="1")),1,0) -> 0 | W29: =IF(AND(MID($G29,1,1)="1",OR(AND(NOT(MID($D29,1,1)="1"),MID($D29,2,1)="1"),AND(MID($D29,2,1)="1",NOT(MID($D29,3,1)="1")),AND(NOT(MID($D29,1,1)="1"),NOT(MID($D29,2,1)="1"),NOT(MID($D29,3,1)="1"),$F29="1",NOT(MID($G29,2,1)="1")),AND(MID($D29,1,1)="1",NOT(MID($D29,2,1)="1"),MID($D29,3,1)="1"))),1,0) -> 0 | X29: =T29&U29&V29&W29 -> 0000 | Y29: =IFERROR(INDEX(ALUCtrl_Key!$B$5:$B$20,MATCH(X29,ALUCtrl_Key!$A$5:$A$20,0)),"?") -> add | Z29: =IF(H29="00","rs1 (s_read1)",IF(H29="01","PC (s_pc_out)","0")) -> rs1 (s_read1) | AA29: =IF(I29="1","immediate (s_immgen)","rs2 (s_read2)") -> rs2 (s_read2) | AB29: =IF(R29="1","PC (held)",IF(Q29="1","(rs1 + imm) with bit 0 cleared",IF(P29="1","PC + imm",IF(O29="1","PC + imm if taken, else PC + 4","PC + 4")))) -> PC + imm if taken, else PC + 4 | AC29: =IF(J29="0","nothing",IF(N29="1","PC + 4",IF(M29="1","load data (LOAD_U)","ALU result"))) -> nothing | AD29: BRANCH_U: taken if rs1 = rs2 (s_equal) | AE29: ALU result unused; comparison is done in BRANCH_U
A30: bne | B30: B | C30: 1100011 | D30: 001 | E30: imm | F30: x | G30: 01 | H30: 00 | I30: 0 | J30: 0 | K30: 0 | L30: 0 | M30: 0 | N30: 0 | O30: 1 | P30: 0 | Q30: 0 | R30: 0 | S30: B | T30: =IF(AND(MID($G30,1,1)="1",OR(MID($D30,1,1)="1",AND(NOT(MID($D30,2,1)="1"),MID($D30,3,1)="1"))),1,0) -> 0 | U30: =IF(AND(MID($G30,1,1)="1",OR(AND(NOT(MID($D30,1,1)="1"),MID($D30,2,1)="1"),AND(NOT(MID($D30,2,1)="1"),MID($D30,3,1)="1"))),1,0) -> 0 | V30: =IF(OR(AND(NOT(MID($D30,1,1)="1"),MID($D30,2,1)="1",MID($D30,3,1)="1"),AND(MID($D30,1,1)="1",NOT(MID($D30,2,1)="1"),NOT(MID($D30,3,1)="1")),AND(MID($D30,1,1)="1",NOT(MID($D30,2,1)="1"),MID($D30,3,1)="1",$F30="1")),1,0) -> 0 | W30: =IF(AND(MID($G30,1,1)="1",OR(AND(NOT(MID($D30,1,1)="1"),MID($D30,2,1)="1"),AND(MID($D30,2,1)="1",NOT(MID($D30,3,1)="1")),AND(NOT(MID($D30,1,1)="1"),NOT(MID($D30,2,1)="1"),NOT(MID($D30,3,1)="1"),$F30="1",NOT(MID($G30,2,1)="1")),AND(MID($D30,1,1)="1",NOT(MID($D30,2,1)="1"),MID($D30,3,1)="1"))),1,0) -> 0 | X30: =T30&U30&V30&W30 -> 0000 | Y30: =IFERROR(INDEX(ALUCtrl_Key!$B$5:$B$20,MATCH(X30,ALUCtrl_Key!$A$5:$A$20,0)),"?") -> add | Z30: =IF(H30="00","rs1 (s_read1)",IF(H30="01","PC (s_pc_out)","0")) -> rs1 (s_read1) | AA30: =IF(I30="1","immediate (s_immgen)","rs2 (s_read2)") -> rs2 (s_read2) | AB30: =IF(R30="1","PC (held)",IF(Q30="1","(rs1 + imm) with bit 0 cleared",IF(P30="1","PC + imm",IF(O30="1","PC + imm if taken, else PC + 4","PC + 4")))) -> PC + imm if taken, else PC + 4 | AC30: =IF(J30="0","nothing",IF(N30="1","PC + 4",IF(M30="1","load data (LOAD_U)","ALU result"))) -> nothing | AD30: BRANCH_U: taken if rs1 /= rs2 (not s_equal) | AE30: ALU result unused; comparison is done in BRANCH_U
A31: blt | B31: B | C31: 1100011 | D31: 100 | E31: imm | F31: x | G31: 01 | H31: 00 | I31: 0 | J31: 0 | K31: 0 | L31: 0 | M31: 0 | N31: 0 | O31: 1 | P31: 0 | Q31: 0 | R31: 0 | S31: B | T31: =IF(AND(MID($G31,1,1)="1",OR(MID($D31,1,1)="1",AND(NOT(MID($D31,2,1)="1"),MID($D31,3,1)="1"))),1,0) -> 0 | U31: =IF(AND(MID($G31,1,1)="1",OR(AND(NOT(MID($D31,1,1)="1"),MID($D31,2,1)="1"),AND(NOT(MID($D31,2,1)="1"),MID($D31,3,1)="1"))),1,0) -> 0 | V31: =IF(OR(AND(NOT(MID($D31,1,1)="1"),MID($D31,2,1)="1",MID($D31,3,1)="1"),AND(MID($D31,1,1)="1",NOT(MID($D31,2,1)="1"),NOT(MID($D31,3,1)="1")),AND(MID($D31,1,1)="1",NOT(MID($D31,2,1)="1"),MID($D31,3,1)="1",$F31="1")),1,0) -> 1 | W31: =IF(AND(MID($G31,1,1)="1",OR(AND(NOT(MID($D31,1,1)="1"),MID($D31,2,1)="1"),AND(MID($D31,2,1)="1",NOT(MID($D31,3,1)="1")),AND(NOT(MID($D31,1,1)="1"),NOT(MID($D31,2,1)="1"),NOT(MID($D31,3,1)="1"),$F31="1",NOT(MID($G31,2,1)="1")),AND(MID($D31,1,1)="1",NOT(MID($D31,2,1)="1"),MID($D31,3,1)="1"))),1,0) -> 0 | X31: =T31&U31&V31&W31 -> 0010 | Y31: =IFERROR(INDEX(ALUCtrl_Key!$B$5:$B$20,MATCH(X31,ALUCtrl_Key!$A$5:$A$20,0)),"?") -> add (unsigned flag set, sum unchanged) | Z31: =IF(H31="00","rs1 (s_read1)",IF(H31="01","PC (s_pc_out)","0")) -> rs1 (s_read1) | AA31: =IF(I31="1","immediate (s_immgen)","rs2 (s_read2)") -> rs2 (s_read2) | AB31: =IF(R31="1","PC (held)",IF(Q31="1","(rs1 + imm) with bit 0 cleared",IF(P31="1","PC + imm",IF(O31="1","PC + imm if taken, else PC + 4","PC + 4")))) -> PC + imm if taken, else PC + 4 | AC31: =IF(J31="0","nothing",IF(N31="1","PC + 4",IF(M31="1","load data (LOAD_U)","ALU result"))) -> nothing | AD31: BRANCH_U: taken if rs1 < rs2 signed (s_less_signed) | AE31: ALU result unused; comparison is done in BRANCH_U
A32: bge | B32: B | C32: 1100011 | D32: 101 | E32: imm | F32: x | G32: 01 | H32: 00 | I32: 0 | J32: 0 | K32: 0 | L32: 0 | M32: 0 | N32: 0 | O32: 1 | P32: 0 | Q32: 0 | R32: 0 | S32: B | T32: =IF(AND(MID($G32,1,1)="1",OR(MID($D32,1,1)="1",AND(NOT(MID($D32,2,1)="1"),MID($D32,3,1)="1"))),1,0) -> 0 | U32: =IF(AND(MID($G32,1,1)="1",OR(AND(NOT(MID($D32,1,1)="1"),MID($D32,2,1)="1"),AND(NOT(MID($D32,2,1)="1"),MID($D32,3,1)="1"))),1,0) -> 0 | V32: =IF(OR(AND(NOT(MID($D32,1,1)="1"),MID($D32,2,1)="1",MID($D32,3,1)="1"),AND(MID($D32,1,1)="1",NOT(MID($D32,2,1)="1"),NOT(MID($D32,3,1)="1")),AND(MID($D32,1,1)="1",NOT(MID($D32,2,1)="1"),MID($D32,3,1)="1",$F32="1")),1,0) -> 0 | W32: =IF(AND(MID($G32,1,1)="1",OR(AND(NOT(MID($D32,1,1)="1"),MID($D32,2,1)="1"),AND(MID($D32,2,1)="1",NOT(MID($D32,3,1)="1")),AND(NOT(MID($D32,1,1)="1"),NOT(MID($D32,2,1)="1"),NOT(MID($D32,3,1)="1"),$F32="1",NOT(MID($G32,2,1)="1")),AND(MID($D32,1,1)="1",NOT(MID($D32,2,1)="1"),MID($D32,3,1)="1"))),1,0) -> 0 | X32: =T32&U32&V32&W32 -> 0000 | Y32: =IFERROR(INDEX(ALUCtrl_Key!$B$5:$B$20,MATCH(X32,ALUCtrl_Key!$A$5:$A$20,0)),"?") -> add | Z32: =IF(H32="00","rs1 (s_read1)",IF(H32="01","PC (s_pc_out)","0")) -> rs1 (s_read1) | AA32: =IF(I32="1","immediate (s_immgen)","rs2 (s_read2)") -> rs2 (s_read2) | AB32: =IF(R32="1","PC (held)",IF(Q32="1","(rs1 + imm) with bit 0 cleared",IF(P32="1","PC + imm",IF(O32="1","PC + imm if taken, else PC + 4","PC + 4")))) -> PC + imm if taken, else PC + 4 | AC32: =IF(J32="0","nothing",IF(N32="1","PC + 4",IF(M32="1","load data (LOAD_U)","ALU result"))) -> nothing | AD32: BRANCH_U: taken if rs1 >= rs2 signed (not s_less_signed) | AE32: ALU result unused; comparison is done in BRANCH_U
A33: bltu | B33: B | C33: 1100011 | D33: 110 | E33: imm | F33: x | G33: 01 | H33: 00 | I33: 0 | J33: 0 | K33: 0 | L33: 0 | M33: 0 | N33: 0 | O33: 1 | P33: 0 | Q33: 0 | R33: 0 | S33: B | T33: =IF(AND(MID($G33,1,1)="1",OR(MID($D33,1,1)="1",AND(NOT(MID($D33,2,1)="1"),MID($D33,3,1)="1"))),1,0) -> 0 | U33: =IF(AND(MID($G33,1,1)="1",OR(AND(NOT(MID($D33,1,1)="1"),MID($D33,2,1)="1"),AND(NOT(MID($D33,2,1)="1"),MID($D33,3,1)="1"))),1,0) -> 0 | V33: =IF(OR(AND(NOT(MID($D33,1,1)="1"),MID($D33,2,1)="1",MID($D33,3,1)="1"),AND(MID($D33,1,1)="1",NOT(MID($D33,2,1)="1"),NOT(MID($D33,3,1)="1")),AND(MID($D33,1,1)="1",NOT(MID($D33,2,1)="1"),MID($D33,3,1)="1",$F33="1")),1,0) -> 0 | W33: =IF(AND(MID($G33,1,1)="1",OR(AND(NOT(MID($D33,1,1)="1"),MID($D33,2,1)="1"),AND(MID($D33,2,1)="1",NOT(MID($D33,3,1)="1")),AND(NOT(MID($D33,1,1)="1"),NOT(MID($D33,2,1)="1"),NOT(MID($D33,3,1)="1"),$F33="1",NOT(MID($G33,2,1)="1")),AND(MID($D33,1,1)="1",NOT(MID($D33,2,1)="1"),MID($D33,3,1)="1"))),1,0) -> 0 | X33: =T33&U33&V33&W33 -> 0000 | Y33: =IFERROR(INDEX(ALUCtrl_Key!$B$5:$B$20,MATCH(X33,ALUCtrl_Key!$A$5:$A$20,0)),"?") -> add | Z33: =IF(H33="00","rs1 (s_read1)",IF(H33="01","PC (s_pc_out)","0")) -> rs1 (s_read1) | AA33: =IF(I33="1","immediate (s_immgen)","rs2 (s_read2)") -> rs2 (s_read2) | AB33: =IF(R33="1","PC (held)",IF(Q33="1","(rs1 + imm) with bit 0 cleared",IF(P33="1","PC + imm",IF(O33="1","PC + imm if taken, else PC + 4","PC + 4")))) -> PC + imm if taken, else PC + 4 | AC33: =IF(J33="0","nothing",IF(N33="1","PC + 4",IF(M33="1","load data (LOAD_U)","ALU result"))) -> nothing | AD33: BRANCH_U: taken if rs1 < rs2 unsigned (s_less_unsigned) | AE33: ALU result unused; comparison is done in BRANCH_U
A34: bgeu | B34: B | C34: 1100011 | D34: 111 | E34: imm | F34: x | G34: 01 | H34: 00 | I34: 0 | J34: 0 | K34: 0 | L34: 0 | M34: 0 | N34: 0 | O34: 1 | P34: 0 | Q34: 0 | R34: 0 | S34: B | T34: =IF(AND(MID($G34,1,1)="1",OR(MID($D34,1,1)="1",AND(NOT(MID($D34,2,1)="1"),MID($D34,3,1)="1"))),1,0) -> 0 | U34: =IF(AND(MID($G34,1,1)="1",OR(AND(NOT(MID($D34,1,1)="1"),MID($D34,2,1)="1"),AND(NOT(MID($D34,2,1)="1"),MID($D34,3,1)="1"))),1,0) -> 0 | V34: =IF(OR(AND(NOT(MID($D34,1,1)="1"),MID($D34,2,1)="1",MID($D34,3,1)="1"),AND(MID($D34,1,1)="1",NOT(MID($D34,2,1)="1"),NOT(MID($D34,3,1)="1")),AND(MID($D34,1,1)="1",NOT(MID($D34,2,1)="1"),MID($D34,3,1)="1",$F34="1")),1,0) -> 0 | W34: =IF(AND(MID($G34,1,1)="1",OR(AND(NOT(MID($D34,1,1)="1"),MID($D34,2,1)="1"),AND(MID($D34,2,1)="1",NOT(MID($D34,3,1)="1")),AND(NOT(MID($D34,1,1)="1"),NOT(MID($D34,2,1)="1"),NOT(MID($D34,3,1)="1"),$F34="1",NOT(MID($G34,2,1)="1")),AND(MID($D34,1,1)="1",NOT(MID($D34,2,1)="1"),MID($D34,3,1)="1"))),1,0) -> 0 | X34: =T34&U34&V34&W34 -> 0000 | Y34: =IFERROR(INDEX(ALUCtrl_Key!$B$5:$B$20,MATCH(X34,ALUCtrl_Key!$A$5:$A$20,0)),"?") -> add | Z34: =IF(H34="00","rs1 (s_read1)",IF(H34="01","PC (s_pc_out)","0")) -> rs1 (s_read1) | AA34: =IF(I34="1","immediate (s_immgen)","rs2 (s_read2)") -> rs2 (s_read2) | AB34: =IF(R34="1","PC (held)",IF(Q34="1","(rs1 + imm) with bit 0 cleared",IF(P34="1","PC + imm",IF(O34="1","PC + imm if taken, else PC + 4","PC + 4")))) -> PC + imm if taken, else PC + 4 | AC34: =IF(J34="0","nothing",IF(N34="1","PC + 4",IF(M34="1","load data (LOAD_U)","ALU result"))) -> nothing | AD34: BRANCH_U: taken if rs1 >= rs2 unsigned (not s_less_unsigned) | AE34: ALU result unused; comparison is done in BRANCH_U
A35: jal | B35: J | C35: 1101111 | D35: xxx | E35: imm | F35: x | G35: 00 | H35: 00 | I35: 0 | J35: 1 | K35: 0 | L35: 0 | M35: 0 | N35: 1 | O35: 0 | P35: 1 | Q35: 0 | R35: 0 | S35: J | T35: =IF(AND(MID($G35,1,1)="1",OR(MID($D35,1,1)="1",AND(NOT(MID($D35,2,1)="1"),MID($D35,3,1)="1"))),1,0) -> 0 | U35: =IF(AND(MID($G35,1,1)="1",OR(AND(NOT(MID($D35,1,1)="1"),MID($D35,2,1)="1"),AND(NOT(MID($D35,2,1)="1"),MID($D35,3,1)="1"))),1,0) -> 0 | V35: =IF(OR(AND(NOT(MID($D35,1,1)="1"),MID($D35,2,1)="1",MID($D35,3,1)="1"),AND(MID($D35,1,1)="1",NOT(MID($D35,2,1)="1"),NOT(MID($D35,3,1)="1")),AND(MID($D35,1,1)="1",NOT(MID($D35,2,1)="1"),MID($D35,3,1)="1",$F35="1")),1,0) -> 0 | W35: =IF(AND(MID($G35,1,1)="1",OR(AND(NOT(MID($D35,1,1)="1"),MID($D35,2,1)="1"),AND(MID($D35,2,1)="1",NOT(MID($D35,3,1)="1")),AND(NOT(MID($D35,1,1)="1"),NOT(MID($D35,2,1)="1"),NOT(MID($D35,3,1)="1"),$F35="1",NOT(MID($G35,2,1)="1")),AND(MID($D35,1,1)="1",NOT(MID($D35,2,1)="1"),MID($D35,3,1)="1"))),1,0) -> 0 | X35: =T35&U35&V35&W35 -> 0000 | Y35: =IFERROR(INDEX(ALUCtrl_Key!$B$5:$B$20,MATCH(X35,ALUCtrl_Key!$A$5:$A$20,0)),"?") -> add | Z35: =IF(H35="00","rs1 (s_read1)",IF(H35="01","PC (s_pc_out)","0")) -> rs1 (s_read1) | AA35: =IF(I35="1","immediate (s_immgen)","rs2 (s_read2)") -> rs2 (s_read2) | AB35: =IF(R35="1","PC (held)",IF(Q35="1","(rs1 + imm) with bit 0 cleared",IF(P35="1","PC + imm",IF(O35="1","PC + imm if taken, else PC + 4","PC + 4")))) -> PC + imm | AC35: =IF(J35="0","nothing",IF(N35="1","PC + 4",IF(M35="1","load data (LOAD_U)","ALU result"))) -> PC + 4 | AE35: ALU result unused; funct3 bits belong to the immediate
A36: jalr | B36: I | C36: 1100111 | D36: 000 | E36: imm[11:5] | F36: x | G36: 00 | H36: 00 | I36: 1 | J36: 1 | K36: 0 | L36: 0 | M36: 0 | N36: 1 | O36: 0 | P36: 0 | Q36: 1 | R36: 0 | S36: I | T36: =IF(AND(MID($G36,1,1)="1",OR(MID($D36,1,1)="1",AND(NOT(MID($D36,2,1)="1"),MID($D36,3,1)="1"))),1,0) -> 0 | U36: =IF(AND(MID($G36,1,1)="1",OR(AND(NOT(MID($D36,1,1)="1"),MID($D36,2,1)="1"),AND(NOT(MID($D36,2,1)="1"),MID($D36,3,1)="1"))),1,0) -> 0 | V36: =IF(OR(AND(NOT(MID($D36,1,1)="1"),MID($D36,2,1)="1",MID($D36,3,1)="1"),AND(MID($D36,1,1)="1",NOT(MID($D36,2,1)="1"),NOT(MID($D36,3,1)="1")),AND(MID($D36,1,1)="1",NOT(MID($D36,2,1)="1"),MID($D36,3,1)="1",$F36="1")),1,0) -> 0 | W36: =IF(AND(MID($G36,1,1)="1",OR(AND(NOT(MID($D36,1,1)="1"),MID($D36,2,1)="1"),AND(MID($D36,2,1)="1",NOT(MID($D36,3,1)="1")),AND(NOT(MID($D36,1,1)="1"),NOT(MID($D36,2,1)="1"),NOT(MID($D36,3,1)="1"),$F36="1",NOT(MID($G36,2,1)="1")),AND(MID($D36,1,1)="1",NOT(MID($D36,2,1)="1"),MID($D36,3,1)="1"))),1,0) -> 0 | X36: =T36&U36&V36&W36 -> 0000 | Y36: =IFERROR(INDEX(ALUCtrl_Key!$B$5:$B$20,MATCH(X36,ALUCtrl_Key!$A$5:$A$20,0)),"?") -> add | Z36: =IF(H36="00","rs1 (s_read1)",IF(H36="01","PC (s_pc_out)","0")) -> rs1 (s_read1) | AA36: =IF(I36="1","immediate (s_immgen)","rs2 (s_read2)") -> immediate (s_immgen) | AB36: =IF(R36="1","PC (held)",IF(Q36="1","(rs1 + imm) with bit 0 cleared",IF(P36="1","PC + imm",IF(O36="1","PC + imm if taken, else PC + 4","PC + 4")))) -> (rs1 + imm) with bit 0 cleared | AC36: =IF(J36="0","nothing",IF(N36="1","PC + 4",IF(M36="1","load data (LOAD_U)","ALU result"))) -> PC + 4 | AE36: ALU computes rs1 + imm for the jump target
A37: lui | B37: U | C37: 0110111 | D37: xxx | E37: imm | F37: x | G37: 00 | H37: 10 | I37: 1 | J37: 1 | K37: 0 | L37: 0 | M37: 0 | N37: 0 | O37: 0 | P37: 0 | Q37: 0 | R37: 0 | S37: U | T37: =IF(AND(MID($G37,1,1)="1",OR(MID($D37,1,1)="1",AND(NOT(MID($D37,2,1)="1"),MID($D37,3,1)="1"))),1,0) -> 0 | U37: =IF(AND(MID($G37,1,1)="1",OR(AND(NOT(MID($D37,1,1)="1"),MID($D37,2,1)="1"),AND(NOT(MID($D37,2,1)="1"),MID($D37,3,1)="1"))),1,0) -> 0 | V37: =IF(OR(AND(NOT(MID($D37,1,1)="1"),MID($D37,2,1)="1",MID($D37,3,1)="1"),AND(MID($D37,1,1)="1",NOT(MID($D37,2,1)="1"),NOT(MID($D37,3,1)="1")),AND(MID($D37,1,1)="1",NOT(MID($D37,2,1)="1"),MID($D37,3,1)="1",$F37="1")),1,0) -> 0 | W37: =IF(AND(MID($G37,1,1)="1",OR(AND(NOT(MID($D37,1,1)="1"),MID($D37,2,1)="1"),AND(MID($D37,2,1)="1",NOT(MID($D37,3,1)="1")),AND(NOT(MID($D37,1,1)="1"),NOT(MID($D37,2,1)="1"),NOT(MID($D37,3,1)="1"),$F37="1",NOT(MID($G37,2,1)="1")),AND(MID($D37,1,1)="1",NOT(MID($D37,2,1)="1"),MID($D37,3,1)="1"))),1,0) -> 0 | X37: =T37&U37&V37&W37 -> 0000 | Y37: =IFERROR(INDEX(ALUCtrl_Key!$B$5:$B$20,MATCH(X37,ALUCtrl_Key!$A$5:$A$20,0)),"?") -> add | Z37: =IF(H37="00","rs1 (s_read1)",IF(H37="01","PC (s_pc_out)","0")) -> 0 | AA37: =IF(I37="1","immediate (s_immgen)","rs2 (s_read2)") -> immediate (s_immgen) | AB37: =IF(R37="1","PC (held)",IF(Q37="1","(rs1 + imm) with bit 0 cleared",IF(P37="1","PC + imm",IF(O37="1","PC + imm if taken, else PC + 4","PC + 4")))) -> PC + 4 | AC37: =IF(J37="0","nothing",IF(N37="1","PC + 4",IF(M37="1","load data (LOAD_U)","ALU result"))) -> ALU result | AE37: funct3 bits belong to the immediate
A38: auipc | B38: U | C38: 0010111 | D38: xxx | E38: imm | F38: x | G38: 00 | H38: 01 | I38: 1 | J38: 1 | K38: 0 | L38: 0 | M38: 0 | N38: 0 | O38: 0 | P38: 0 | Q38: 0 | R38: 0 | S38: U | T38: =IF(AND(MID($G38,1,1)="1",OR(MID($D38,1,1)="1",AND(NOT(MID($D38,2,1)="1"),MID($D38,3,1)="1"))),1,0) -> 0 | U38: =IF(AND(MID($G38,1,1)="1",OR(AND(NOT(MID($D38,1,1)="1"),MID($D38,2,1)="1"),AND(NOT(MID($D38,2,1)="1"),MID($D38,3,1)="1"))),1,0) -> 0 | V38: =IF(OR(AND(NOT(MID($D38,1,1)="1"),MID($D38,2,1)="1",MID($D38,3,1)="1"),AND(MID($D38,1,1)="1",NOT(MID($D38,2,1)="1"),NOT(MID($D38,3,1)="1")),AND(MID($D38,1,1)="1",NOT(MID($D38,2,1)="1"),MID($D38,3,1)="1",$F38="1")),1,0) -> 0 | W38: =IF(AND(MID($G38,1,1)="1",OR(AND(NOT(MID($D38,1,1)="1"),MID($D38,2,1)="1"),AND(MID($D38,2,1)="1",NOT(MID($D38,3,1)="1")),AND(NOT(MID($D38,1,1)="1"),NOT(MID($D38,2,1)="1"),NOT(MID($D38,3,1)="1"),$F38="1",NOT(MID($G38,2,1)="1")),AND(MID($D38,1,1)="1",NOT(MID($D38,2,1)="1"),MID($D38,3,1)="1"))),1,0) -> 0 | X38: =T38&U38&V38&W38 -> 0000 | Y38: =IFERROR(INDEX(ALUCtrl_Key!$B$5:$B$20,MATCH(X38,ALUCtrl_Key!$A$5:$A$20,0)),"?") -> add | Z38: =IF(H38="00","rs1 (s_read1)",IF(H38="01","PC (s_pc_out)","0")) -> PC (s_pc_out) | AA38: =IF(I38="1","immediate (s_immgen)","rs2 (s_read2)") -> immediate (s_immgen) | AB38: =IF(R38="1","PC (held)",IF(Q38="1","(rs1 + imm) with bit 0 cleared",IF(P38="1","PC + imm",IF(O38="1","PC + imm if taken, else PC + 4","PC + 4")))) -> PC + 4 | AC38: =IF(J38="0","nothing",IF(N38="1","PC + 4",IF(M38="1","load data (LOAD_U)","ALU result"))) -> ALU result | AE38: funct3 bits belong to the immediate
A39: wfi | B39: I (SYSTEM) | C39: 1110011 | D39: 000 | E39: 0001000 | F39: 0 | G39: 00 | H39: 00 | I39: 0 | J39: 0 | K39: 0 | L39: 0 | M39: 0 | N39: 0 | O39: 0 | P39: 0 | Q39: 0 | R39: 1 | S39: none (0) | T39: =IF(AND(MID($G39,1,1)="1",OR(MID($D39,1,1)="1",AND(NOT(MID($D39,2,1)="1"),MID($D39,3,1)="1"))),1,0) -> 0 | U39: =IF(AND(MID($G39,1,1)="1",OR(AND(NOT(MID($D39,1,1)="1"),MID($D39,2,1)="1"),AND(NOT(MID($D39,2,1)="1"),MID($D39,3,1)="1"))),1,0) -> 0 | V39: =IF(OR(AND(NOT(MID($D39,1,1)="1"),MID($D39,2,1)="1",MID($D39,3,1)="1"),AND(MID($D39,1,1)="1",NOT(MID($D39,2,1)="1"),NOT(MID($D39,3,1)="1")),AND(MID($D39,1,1)="1",NOT(MID($D39,2,1)="1"),MID($D39,3,1)="1",$F39="1")),1,0) -> 0 | W39: =IF(AND(MID($G39,1,1)="1",OR(AND(NOT(MID($D39,1,1)="1"),MID($D39,2,1)="1"),AND(MID($D39,2,1)="1",NOT(MID($D39,3,1)="1")),AND(NOT(MID($D39,1,1)="1"),NOT(MID($D39,2,1)="1"),NOT(MID($D39,3,1)="1"),$F39="1",NOT(MID($G39,2,1)="1")),AND(MID($D39,1,1)="1",NOT(MID($D39,2,1)="1"),MID($D39,3,1)="1"))),1,0) -> 0 | X39: =T39&U39&V39&W39 -> 0000 | Y39: =IFERROR(INDEX(ALUCtrl_Key!$B$5:$B$20,MATCH(X39,ALUCtrl_Key!$A$5:$A$20,0)),"?") -> add | Z39: =IF(H39="00","rs1 (s_read1)",IF(H39="01","PC (s_pc_out)","0")) -> rs1 (s_read1) | AA39: =IF(I39="1","immediate (s_immgen)","rs2 (s_read2)") -> rs2 (s_read2) | AB39: =IF(R39="1","PC (held)",IF(Q39="1","(rs1 + imm) with bit 0 cleared",IF(P39="1","PC + imm",IF(O39="1","PC + imm if taken, else PC + 4","PC + 4")))) -> PC (held) | AC39: =IF(J39="0","nothing",IF(N39="1","PC + 4",IF(M39="1","load data (LOAD_U)","ALU result"))) -> nothing | AD39: oHalt = 1; G_PC_WE clears the PC write enable | AE39: Used as HALT; encoding 0x10500073

Sheet ALUCtrl_Key
A1: ALUCtrl code key (ALU_U : alu)
A2: Source: ALU/ALU.vhd. AluCtrl(3:2) picks the result (00 add/sub, 01 less-than, 10 logic, 11 shift). AluCtrl(1) = unsigned compare / logic select / arithmetic shift, AluCtrl(0) = subtract / logic select / shift right.
A4: ALUCtrl | B4: ALU operation | D4: Signal | E4: Encoding (source: Control Logic/Control.vhdl)
A5: 0000 | B5: add | D5: ALUOp | E5: 00 = add (loads, stores, jalr, lui, auipc); 01 = branch; 10 = R-type, decode funct3/funct7; 11 = I-type ALU, decode funct3
A6: 0001 | B6: sub | D6: ALUSrcA | E6: 00 = rs1; 01 = PC; 10 = zero (ALUSRCA_MUX, ALU input A)
A7: 0010 | B7: add (unsigned flag set, sum unchanged) | D7: ALUSrc | E7: 0 = rs2; 1 = immediate (ALUSRC_MUX, ALU input B)
A8: 0011 | B8: sub (unsigned flag set) | D8: RegWrite | E8: 1 = write rd
A9: 0100 | B9: less-than, signed, no subtract (not produced) | D9: MemRead | E9: 1 = load (not connected: mem reads every cycle)
A10: 0101 | B10: slt (signed less-than) | D10: MemWrite | E10: 1 = DMEM we
A11: 0110 | B11: less-than, unsigned, no subtract (not produced) | D11: MemtoReg | E11: 0 = ALU result; 1 = LOAD_U data (MEMTOREG_MUX)
A12: 0111 | B12: sltu (unsigned less-than) | D12: AndLink | E12: 1 = write PC+4 to rd (LINK_MUX)
A13: 1000 | B13: and | D13: Branch | E13: 1 = conditional branch; BRANCH_U decides taken from funct3
A14: 1001 | B14: or | D14: Jump | E14: 1 = jal, next PC = PC + imm
A15: 1010 | B15: xor | D15: JumpReg | E15: 1 = jalr, next PC = (rs1 + imm) with bit 0 cleared
A16: 1011 | B16: 0 (not produced) | D16: Halt | E16: 1 = wfi; drives oHalt and stops the PC
A17: 1100 | B17: sll
A18: 1101 | B18: srl
A19: 1110 | B19: sll (arith ignored on left shift)
A20: 1111 | B20: sra
A23: Notes
A24: Columns T-Y on Signal Map are formulas: they apply the gate equations from ALU Control/ALUCtrlr.vhd to funct3, Inst[30] and ALUOp, then look up the code in the table above.
A25: x = the bit belongs to the immediate, so its value depends on the program. The formulas treat x as 0. The only places it matters (lhu, bge) change ALUCtrl(1) alone, which does not change the add result those instructions use.
A26: Control signal values are copied from the case statement in Control Logic/Control.vhdl; opcode, funct3 and funct7 come from the RV32I base encoding.
A27: Green cells on Signal Map are control signals equal to 1.
